max_vertex_degree,min_vertex_degree,mean_vertex_degree,std_dev_vertex_degree,max_weight,min_weight,mean_weight,std_dev_weight,max_edge_order,min_edge_order,mean_edge_order,std_dev_edge_order,time_to_metrics,one_norm,number_of_terms,log_fci_dim,n_elec,n_orbs,df_spectral_gap,df_entropy,df_mean,df_median,df_std_deviation,df_variance,df_min_value,df_max_value,df_skewness,df_kurtosis,df_l2_norm,df_decay_rate
478,184,390.7142857142857,90.93359317296849,1.9308913377179096,0.00018566224892467396,0.06683074446801832,0.22404890711145178,13,1,6.071032186459489,2.8626443112800612,0.024956464767456055,68.61797210762583,902,3.9180827846421873,4,14,4.504143640802564,2.086009536465931,0.14312700550038948,0.003476810725281232,0.6868514927838992,0.47176497313947074,1.4965827216312843e-08,6.291479672459592,7.972410379909909,67.18154394871424,6.729563788356129,0.1786271912804186
