max_vertex_degree,min_vertex_degree,mean_vertex_degree,std_dev_vertex_degree,max_weight,min_weight,mean_weight,std_dev_weight,max_edge_order,min_edge_order,mean_edge_order,std_dev_edge_order,time_to_metrics,one_norm,number_of_terms,log_fci_dim,n_elec,n_orbs,df_spectral_gap,df_entropy,df_mean,df_median,df_std_deviation,df_variance,df_min_value,df_max_value,df_skewness,df_kurtosis,df_l2_norm,df_decay_rate
3719,1169,2932.8947368421054,683.9108817549444,3.208282463053354,8.357754318905976e-08,0.023194693794926894,0.14519425850910947,19,1,9.23210735586481,3.892011018372903,0.38905906677246094,158.78493218591836,6037,5.219319887442919,5,19,4.710896484722052,2.3785027243092207,0.13108710737681722,0.0005458915049791796,0.7088776272405903,0.5025074904022494,1.2086626861010909e-08,7.917343943966284,9.338762849772616,95.25445363506003,8.887805165430098,0.11715437446537519
