max_vertex_degree,min_vertex_degree,mean_vertex_degree,std_dev_vertex_degree,max_weight,min_weight,mean_weight,std_dev_weight,max_edge_order,min_edge_order,mean_edge_order,std_dev_edge_order,time_to_metrics,one_norm,number_of_terms,log_fci_dim,n_elec,n_orbs,df_spectral_gap,df_entropy,df_mean,df_median,df_std_deviation,df_variance,df_min_value,df_max_value,df_skewness,df_kurtosis,df_l2_norm,df_decay_rate
273724,35286,208684.45833333334,66109.76262151652,5.1466546818796814,1.0008712065245541e-08,0.002251117727771957,0.05022260811571559,48,1,21.35698690887382,9.427916236727784,8.887147903442383,1120.8249282948598,469021,17.153486393028327,16,48,9.640037480671479,3.264034032690572,0.13589291338100581,5.340793691833627e-05,0.939519237880871,0.8826963983482526,1.0008546371216346e-08,17.70817557397344,14.50630040931942,248.36063725494176,21.45913412122038,0.03753850726600796
