max_vertex_degree,min_vertex_degree,mean_vertex_degree,std_dev_vertex_degree,max_weight,min_weight,mean_weight,std_dev_weight,max_edge_order,min_edge_order,mean_edge_order,std_dev_edge_order,time_to_metrics,one_norm,number_of_terms,log_fci_dim,n_elec,n_orbs,df_spectral_gap,df_entropy,df_mean,df_median,df_std_deviation,df_variance,df_min_value,df_max_value,df_skewness,df_kurtosis,df_l2_norm,df_decay_rate
56038,9632,45093.57894736842,13570.74966053941,4.476744000181305,1.0102531620965769e-08,0.006413330218630861,0.08318161374245976,38,1,16.830424405527783,7.429732168277686,2.0784194469451904,690.0630928461151,101814,14.202136329191783,14,38,8.851342200620753,3.0235906592222985,0.15459311599808523,0.0001643032714991357,1.0048669209644172,1.0097575288485081,1.0877282652046113e-08,16.34837699597194,12.834961970255252,189.767858853235,19.47695966143175,0.05155278679421042
