max_vertex_degree,min_vertex_degree,mean_vertex_degree,std_dev_vertex_degree,max_weight,min_weight,mean_weight,std_dev_weight,max_edge_order,min_edge_order,mean_edge_order,std_dev_edge_order,time_to_metrics,one_norm,number_of_terms,log_fci_dim,n_elec,n_orbs,df_spectral_gap,df_entropy,df_mean,df_median,df_std_deviation,df_variance,df_min_value,df_max_value,df_skewness,df_kurtosis,df_l2_norm,df_decay_rate
855794,72594,663499.2068965518,220837.3033793289,5.748069282529914,1.0000758614981373e-08,0.0010313309951539564,0.03427204172377809,58,1,24.99095965581622,11.336163736610711,29.667715311050415,1684.708320954516,1539876,20.05460737270318,18,58,10.208784880573107,3.453488244780629,0.12595049303168507,2.971832129589538e-05,0.9087554904646024,0.82583654144956,1.0071589261174105e-08,19.090326163696936,15.882633242822113,302.5637117447726,23.462136402435583,0.02927261865356871
