max_vertex_degree,min_vertex_degree,mean_vertex_degree,std_dev_vertex_degree,max_weight,min_weight,mean_weight,std_dev_weight,max_edge_order,min_edge_order,mean_edge_order,std_dev_edge_order,time_to_metrics,one_norm,number_of_terms,log_fci_dim,n_elec,n_orbs,df_spectral_gap,df_entropy,df_mean,df_median,df_std_deviation,df_variance,df_min_value,df_max_value,df_skewness,df_kurtosis,df_l2_norm,df_decay_rate
478,184,390.7142857142857,90.93359317296849,2.7005303843359596,0.0003304957676052223,0.10000074537254981,0.30743064058133485,13,1,6.071032186459489,2.8626443112800612,0.024471759796142578,94.88512711280814,902,4.959475469800412,6,14,7.204821072699721,2.094906626975342,0.2245226405658546,0.006318139595687935,1.0876642935199272,1.1830136153982023,1.8474189929337542e-08,10.00103512426858,8.058157326961714,68.31842765774401,10.65246501521069,0.18923240079463333
