max_vertex_degree,min_vertex_degree,mean_vertex_degree,std_dev_vertex_degree,max_weight,min_weight,mean_weight,std_dev_weight,max_edge_order,min_edge_order,mean_edge_order,std_dev_edge_order,time_to_metrics,one_norm,number_of_terms,log_fci_dim,n_elec,n_orbs,df_spectral_gap,df_entropy,df_mean,df_median,df_std_deviation,df_variance,df_min_value,df_max_value,df_skewness,df_kurtosis,df_l2_norm,df_decay_rate
40601,6479,33046.24137931035,9768.661891407266,4.294098729828302,1.0047826220997471e-08,0.006365779306831509,0.08156266907784723,29,1,13.20738413197172,5.502065627512875,0.9500429630279541,500.2493797226083,72562,9.450333803654768,9,29,9.696427535769567,2.7899130746338896,0.14580014177354222,0.0001021158636678511,0.9202231319586753,0.8468106125918335,1.0680079221697142e-08,13.79662100013039,12.27232543684681,171.3829423487988,15.64593426066693,0.06722034642373419
