max_vertex_degree,min_vertex_degree,mean_vertex_degree,std_dev_vertex_degree,max_weight,min_weight,mean_weight,std_dev_weight,max_edge_order,min_edge_order,mean_edge_order,std_dev_edge_order,time_to_metrics,one_norm,number_of_terms,log_fci_dim,n_elec,n_orbs,df_spectral_gap,df_entropy,df_mean,df_median,df_std_deviation,df_variance,df_min_value,df_max_value,df_skewness,df_kurtosis,df_l2_norm,df_decay_rate
314889,30495,228488.36170212767,74541.37866967282,54.60135035651876,1.000089867061707e-08,0.0016955914009090197,0.0829028239733718,47,1,19.8910755564117,8.884708309362013,9.071647644042969,1020.1587195241517,539889,22.296445260684788,26,47,8.801595765174795,3.1666116127309336,0.18832759605386626,0.00014134377981592385,1.2870831240622078,1.656582968245733,1.0097146592437883e-08,21.995931211260608,13.35122450784503,202.50766327701623,27.746763135813307,0.042836374688239066
