max_vertex_degree,min_vertex_degree,mean_vertex_degree,std_dev_vertex_degree,max_weight,min_weight,mean_weight,std_dev_weight,max_edge_order,min_edge_order,mean_edge_order,std_dev_edge_order,time_to_metrics,one_norm,number_of_terms,log_fci_dim,n_elec,n_orbs,df_spectral_gap,df_entropy,df_mean,df_median,df_std_deviation,df_variance,df_min_value,df_max_value,df_skewness,df_kurtosis,df_l2_norm,df_decay_rate
153194,29108,124095.94117647059,36520.773687073255,4.75460986399433,1.016564713111631e-08,0.0028327940862149844,0.05089260602020693,34,1,15.635756558346026,6.621816726773695,3.1742615699768066,816.4125271259593,269848,10.888889075492719,10,34,10.778172271294405,2.941032100379771,0.13168898855560268,4.0772525916114045e-05,0.8889515539351405,0.790234865243701,1.0277593386087443e-08,15.02799156745783,13.726113563232571,217.25909910976188,17.121635387632544,0.052823689378989055
