max_vertex_degree,min_vertex_degree,mean_vertex_degree,std_dev_vertex_degree,max_weight,min_weight,mean_weight,std_dev_weight,max_edge_order,min_edge_order,mean_edge_order,std_dev_edge_order,time_to_metrics,one_norm,number_of_terms,log_fci_dim,n_elec,n_orbs,df_spectral_gap,df_entropy,df_mean,df_median,df_std_deviation,df_variance,df_min_value,df_max_value,df_skewness,df_kurtosis,df_l2_norm,df_decay_rate
3719,1169,2932.8947368421054,683.9108817549444,3.230316614805953,3.7994406503785266e-08,0.028500936606601322,0.1724940114447395,19,1,9.23210735586481,3.892011018372903,0.13940095901489258,186.7320894635215,6037,6.574707545429493,7,19,7.3017915045092785,2.3933926918417128,0.17971349157278868,0.0009830697011025858,0.9816885352321624,0.9637123802062686,1.0540705639189727e-08,11.151227411392249,9.62713306842027,101.13283833570414,12.304203205711932,0.12383320442810378
