max_vertex_degree,min_vertex_degree,mean_vertex_degree,std_dev_vertex_degree,max_weight,min_weight,mean_weight,std_dev_weight,max_edge_order,min_edge_order,mean_edge_order,std_dev_edge_order,time_to_metrics,one_norm,number_of_terms,log_fci_dim,n_elec,n_orbs,df_spectral_gap,df_entropy,df_mean,df_median,df_std_deviation,df_variance,df_min_value,df_max_value,df_skewness,df_kurtosis,df_l2_norm,df_decay_rate
17580,3434,14457.0,4180.170040970651,4.127859134896443,1.1120755829857265e-08,0.01211375518051352,0.11027019584564335,28,1,12.952643030846026,5.487375151348189,2.344910144805908,386.489002080533,31253,11.649408107691935,13,28,7.998077150273511,2.733909944638746,0.1825663706706054,0.0005472177476162742,1.1234387530406305,1.2621146318334868,1.1206790027433552e-08,15.553507129673964,11.266144476963145,141.50720863102964,18.21081954642709,0.07652302315413435
