max_vertex_degree,min_vertex_degree,mean_vertex_degree,std_dev_vertex_degree,max_weight,min_weight,mean_weight,std_dev_weight,max_edge_order,min_edge_order,mean_edge_order,std_dev_edge_order,time_to_metrics,one_norm,number_of_terms,log_fci_dim,n_elec,n_orbs,df_spectral_gap,df_entropy,df_mean,df_median,df_std_deviation,df_variance,df_min_value,df_max_value,df_skewness,df_kurtosis,df_l2_norm,df_decay_rate
73986,8374,57879.42857142857,17752.062202329456,5.609926293256772,1.0008846924842174e-08,0.005438564359921458,0.07948757777963121,41,1,18.33520134557221,8.415985772832249,5.645193099975586,725.1099506215384,132584,19.263001456956992,22,42,7.349626109888032,3.13342558453443,0.19748156497361474,0.0003188253802713444,1.2651840564183556,1.600690696615205,1.2055616195998217e-08,19.774254570145985,11.999499085654156,163.1500190181329,25.769639391606766,0.048277452664405945
