max_vertex_degree,min_vertex_degree,mean_vertex_degree,std_dev_vertex_degree,max_weight,min_weight,mean_weight,std_dev_weight,max_edge_order,min_edge_order,mean_edge_order,std_dev_edge_order,time_to_metrics,one_norm,number_of_terms,log_fci_dim,n_elec,n_orbs,df_spectral_gap,df_entropy,df_mean,df_median,df_std_deviation,df_variance,df_min_value,df_max_value,df_skewness,df_kurtosis,df_l2_norm,df_decay_rate
17562,3430,14436.5,4176.9298918498225,5.953899775008215,1.0995555757577088e-08,0.012236286813474077,0.1158366712322044,28,1,12.951682153156039,5.486376289475006,0.5499372482299805,383.11904041089156,31211,12.146732748499884,14,28,8.765653859502736,2.7341731569231262,0.1985525991775702,0.0007127311886643837,1.2185498860763286,1.4848638248566337,1.118317451754738e-08,16.84353520175855,11.258406977756431,141.33568553086138,19.676607627134,0.07692933312117713
