max_vertex_degree,min_vertex_degree,mean_vertex_degree,std_dev_vertex_degree,max_weight,min_weight,mean_weight,std_dev_weight,max_edge_order,min_edge_order,mean_edge_order,std_dev_edge_order,time_to_metrics,one_norm,number_of_terms,log_fci_dim,n_elec,n_orbs,df_spectral_gap,df_entropy,df_mean,df_median,df_std_deviation,df_variance,df_min_value,df_max_value,df_skewness,df_kurtosis,df_l2_norm,df_decay_rate
29772,4834,23750.4375,7129.524120416015,48.173238654427784,1.001164838519518e-08,0.007928100809182655,0.2234504470217842,31,1,14.63028413028413,6.296749753756102,1.1285936832427979,528.3511781086653,51949,16.221344234866493,22,32,9.761131696953726,2.785675769075596,0.23224935698441035,0.0014189782231522185,1.4340199626947607,2.056413253407083,1.1418270800483243e-08,19.97853201874941,11.242539522036058,140.7195418842696,23.781812559533186,0.07240374831774944
