max_vertex_degree,min_vertex_degree,mean_vertex_degree,std_dev_vertex_degree,max_weight,min_weight,mean_weight,std_dev_weight,max_edge_order,min_edge_order,mean_edge_order,std_dev_edge_order,time_to_metrics,one_norm,number_of_terms,log_fci_dim,n_elec,n_orbs,df_spectral_gap,df_entropy,df_mean,df_median,df_std_deviation,df_variance,df_min_value,df_max_value,df_skewness,df_kurtosis,df_l2_norm,df_decay_rate
33112,4400,26080.222222222223,8176.361168063534,55.87454574138278,1.007826015389244e-08,0.00871769006740298,0.3337406119351779,35,1,15.467677100494233,6.939626183940775,1.45343017578125,816.3474856443979,60701,19.868744025492543,34,36,11.350396555877197,2.897800178974467,0.32412314650985835,0.00207147351364043,1.8818632755450777,3.541409387845249,1.1858266875527336e-08,22.806877772089532,9.940574814232539,105.8182907094595,31.666669078636808,0.07013690561526975
