max_vertex_degree,min_vertex_degree,mean_vertex_degree,std_dev_vertex_degree,max_weight,min_weight,mean_weight,std_dev_weight,max_edge_order,min_edge_order,mean_edge_order,std_dev_edge_order,time_to_metrics,one_norm,number_of_terms,log_fci_dim,n_elec,n_orbs,df_spectral_gap,df_entropy,df_mean,df_median,df_std_deviation,df_variance,df_min_value,df_max_value,df_skewness,df_kurtosis,df_l2_norm,df_decay_rate
1480,448,1204.7777777777778,308.9279951264364,55.944978968345715,1.793960514404906e-05,0.08520041624296801,1.108202976946042,17,1,7.894430287586458,3.7784178558988226,0.08728718757629395,367.49726264677986,2748,9.327872418453959,17,18,13.978981368828215,2.2138805518258065,0.3593291235832131,0.005400167907323088,1.9587897426287613,3.836857255827649,1.2190728142287707e-08,20.65165061280307,9.25411982098592,90.77973900073184,22.176132658456442,0.148940236443692
