max_vertex_degree,min_vertex_degree,mean_vertex_degree,std_dev_vertex_degree,max_weight,min_weight,mean_weight,std_dev_weight,max_edge_order,min_edge_order,mean_edge_order,std_dev_edge_order,time_to_metrics,one_norm,number_of_terms,log_fci_dim,n_elec,n_orbs,df_spectral_gap,df_entropy,df_mean,df_median,df_std_deviation,df_variance,df_min_value,df_max_value,df_skewness,df_kurtosis,df_l2_norm,df_decay_rate
109094,12930,88312.51851851853,27450.576711705213,11.258325021921681,1.0433859422712683e-08,0.0071478156601912125,0.13203988505287198,53,1,22.471061100823192,11.113758691106813,11.563616275787354,1636.1143094511613,212224,15.225775035081998,13,54,25.488225752616525,3.126838567663803,0.1519139479508501,0.0007563204035078862,1.3791059866019821,1.9019333222814268,1.0647696591649269e-08,29.80700569784703,20.02526510841978,424.94338537910556,31.024274124171225,0.03648617218441524
