max_vertex_degree,min_vertex_degree,mean_vertex_degree,std_dev_vertex_degree,max_weight,min_weight,mean_weight,std_dev_weight,max_edge_order,min_edge_order,mean_edge_order,std_dev_edge_order,time_to_metrics,one_norm,number_of_terms,log_fci_dim,n_elec,n_orbs,df_spectral_gap,df_entropy,df_mean,df_median,df_std_deviation,df_variance,df_min_value,df_max_value,df_skewness,df_kurtosis,df_l2_norm,df_decay_rate
884836,69920,677694.0,212757.1116671482,13.810949649264709,1.0014954993863322e-08,0.0039689095418786345,0.08250879244887853,75,1,33.38433038497986,15.23940721168148,74.01113104820251,6347.4562933574925,1542783,23.767118342923233,20,76,32.064810044232225,3.270661449847313,0.1594098977412436,0.00011804253541068727,1.7155782879919859,2.943208862229513,1.0157894422621469e-08,46.32788773344082,23.96367430278807,627.0667118335602,49.936370686014065,0.02259462746288663
