max_vertex_degree,min_vertex_degree,mean_vertex_degree,std_dev_vertex_degree,max_weight,min_weight,mean_weight,std_dev_weight,max_edge_order,min_edge_order,mean_edge_order,std_dev_edge_order,time_to_metrics,one_norm,number_of_terms,log_fci_dim,n_elec,n_orbs,df_spectral_gap,df_entropy,df_mean,df_median,df_std_deviation,df_variance,df_min_value,df_max_value,df_skewness,df_kurtosis,df_l2_norm,df_decay_rate
109114,12932,88328.62962962964,27456.449900872514,13.89380293744269,1.3540101362908775e-08,0.0097380561970716,0.15769894928519024,53,1,22.472619165406343,11.114733743416243,14.007873296737671,2161.615765285452,212248,20.104698769049566,19,54,34.829374450705274,3.094849784460579,0.20711046107031283,0.0006854486614367996,1.9082783034759567,3.6415260835170753,1.001940205403685e-08,41.465487205739954,20.124297030863,429.2519677864234,43.17773660418674,0.037039830480160345
