max_vertex_degree,min_vertex_degree,mean_vertex_degree,std_dev_vertex_degree,max_weight,min_weight,mean_weight,std_dev_weight,max_edge_order,min_edge_order,mean_edge_order,std_dev_edge_order,time_to_metrics,one_norm,number_of_terms,log_fci_dim,n_elec,n_orbs,df_spectral_gap,df_entropy,df_mean,df_median,df_std_deviation,df_variance,df_min_value,df_max_value,df_skewness,df_kurtosis,df_l2_norm,df_decay_rate
884544,69916,677403.947368421,212658.3480968015,16.304469179403,1.0038170610967494e-08,0.00449221464612313,0.08990453588075886,75,1,33.38553602764084,15.239296189633292,74.51750493049622,7118.374076354743,1542067,27.675579531546894,25,76,35.44965371248051,3.286786746039535,0.19808571449399245,0.00010347302466073635,2.079204371587499,4.3230908188285655,1.0129588322128716e-08,55.01920023749938,23.17737615091173,589.2553115487557,60.136266508625795,0.023111810952435145
