max_vertex_degree,min_vertex_degree,mean_vertex_degree,std_dev_vertex_degree,max_weight,min_weight,mean_weight,std_dev_weight,max_edge_order,min_edge_order,mean_edge_order,std_dev_edge_order,time_to_metrics,one_norm,number_of_terms,log_fci_dim,n_elec,n_orbs,df_spectral_gap,df_entropy,df_mean,df_median,df_std_deviation,df_variance,df_min_value,df_max_value,df_skewness,df_kurtosis,df_l2_norm,df_decay_rate
13300,2142,10310.42857142857,3185.214877575221,9.372387991423086,1.0439277932555694e-08,0.014635684184391004,0.15800781029334343,28,1,12.519167389418907,5.436603513496348,0.5097360610961914,362.95351782657656,23061,13.678566336433148,18,28,8.632150515964984,2.7845396537284652,0.31022500761021765,0.008183447607259526,1.649435683316313,2.720638073397153,1.1386788046920642e-08,19.014845968110684,9.234589762882903,92.49309997349042,24.379523778469615,0.08818691194582076
