max_vertex_degree,min_vertex_degree,mean_vertex_degree,std_dev_vertex_degree,max_weight,min_weight,mean_weight,std_dev_weight,max_edge_order,min_edge_order,mean_edge_order,std_dev_edge_order,time_to_metrics,one_norm,number_of_terms,log_fci_dim,n_elec,n_orbs,df_spectral_gap,df_entropy,df_mean,df_median,df_std_deviation,df_variance,df_min_value,df_max_value,df_skewness,df_kurtosis,df_l2_norm,df_decay_rate
478,184,390.7142857142857,90.93359317296849,9.868259453527507,0.00037174218615178647,0.15090152125673179,0.5117011674226966,13,1,6.071032186459489,2.8626443112800612,0.024446725845336914,145.91464221409305,902,6.301898150622619,9,14,11.719740426916623,2.10513342290092,0.3556543534862872,0.010654543483568115,1.7269467981769233,2.982345243733527,2.3789272301108347e-08,15.943675280259908,8.135260567157264,69.45177291941194,16.911914267333234,0.1785605490391975
