max_vertex_degree,min_vertex_degree,mean_vertex_degree,std_dev_vertex_degree,max_weight,min_weight,mean_weight,std_dev_weight,max_edge_order,min_edge_order,mean_edge_order,std_dev_edge_order,time_to_metrics,one_norm,number_of_terms,log_fci_dim,n_elec,n_orbs,df_spectral_gap,df_entropy,df_mean,df_median,df_std_deviation,df_variance,df_min_value,df_max_value,df_skewness,df_kurtosis,df_l2_norm,df_decay_rate
109118,12924,88315.88888888889,27456.681818933852,12.349261327826735,1.3440083312007104e-08,0.008162363840156468,0.14247147589616455,53,1,22.474460294346343,11.115443165714362,14.29073429107666,1845.3191265370713,212200,17.791032378502212,16,54,28.689355860768632,3.1295253612237093,0.17512698112350641,0.0007117776211376422,1.5771569546257787,2.4874240595244603,1.0451809572221992e-08,33.97210988522927,19.909930170988897,420.820579914108,35.41201169776807,0.03715964359761869
