max_vertex_degree,min_vertex_degree,mean_vertex_degree,std_dev_vertex_degree,max_weight,min_weight,mean_weight,std_dev_weight,max_edge_order,min_edge_order,mean_edge_order,std_dev_edge_order,time_to_metrics,one_norm,number_of_terms,log_fci_dim,n_elec,n_orbs,df_spectral_gap,df_entropy,df_mean,df_median,df_std_deviation,df_variance,df_min_value,df_max_value,df_skewness,df_kurtosis,df_l2_norm,df_decay_rate
884794,69932,677689.7105263158,212751.80130617335,14.90493979763415,1.0429637946386128e-08,0.004259456620731994,0.08607346773736366,75,1,33.38563387074191,15.239856349441915,74.75326490402222,6786.913818276877,1542713,25.337621367867197,22,76,33.69562245587987,3.2868536870821172,0.17519608658806626,0.00010960486062949698,1.858320051653228,3.4533534143764566,1.0077523306469239e-08,49.781866002116885,23.658658717517934,612.515643945347,53.90450136428571,0.022944896492727122
