max_vertex_degree,min_vertex_degree,mean_vertex_degree,std_dev_vertex_degree,max_weight,min_weight,mean_weight,std_dev_weight,max_edge_order,min_edge_order,mean_edge_order,std_dev_edge_order,time_to_metrics,one_norm,number_of_terms,log_fci_dim,n_elec,n_orbs,df_spectral_gap,df_entropy,df_mean,df_median,df_std_deviation,df_variance,df_min_value,df_max_value,df_skewness,df_kurtosis,df_l2_norm,df_decay_rate
108070,14458,79807.94736842105,24262.278222037305,5.4498944288218985,1.0002503098674933e-08,0.003778970754159479,0.06536824724638661,38,1,17.240763375269324,7.4962631768688315,2.7911336421966553,689.220813425387,175904,15.378679742876441,16,38,8.696195278075546,3.0353524294306946,0.16907283803795325,0.00013991984419851514,1.1046944104797478,1.2203497405451977,1.0255878020841913e-08,17.88647938537818,12.73810681261388,185.76169374326432,21.670249128249182,0.05181446503856466
