max_vertex_degree,min_vertex_degree,mean_vertex_degree,std_dev_vertex_degree,max_weight,min_weight,mean_weight,std_dev_weight,max_edge_order,min_edge_order,mean_edge_order,std_dev_edge_order,time_to_metrics,one_norm,number_of_terms,log_fci_dim,n_elec,n_orbs,df_spectral_gap,df_entropy,df_mean,df_median,df_std_deviation,df_variance,df_min_value,df_max_value,df_skewness,df_kurtosis,df_l2_norm,df_decay_rate
177504,25414,129637.52631578948,38780.61179027808,5.4783663194992105,1.0002059617718927e-08,0.002282341240314973,0.05301564375313856,38,1,17.91674152849053,7.613434609476089,4.068915843963623,638.6375492070495,274952,16.424437233437114,18,38,7.246468269361797,3.054722641429389,0.20241275672912867,0.00026215142397240223,1.2501612227874528,1.562903082961419,1.1361007638312745e-08,18.71691898135868,11.703881540242568,154.62759246230024,23.659079197208595,0.056574080253257775
