max_vertex_degree,min_vertex_degree,mean_vertex_degree,std_dev_vertex_degree,max_weight,min_weight,mean_weight,std_dev_weight,max_edge_order,min_edge_order,mean_edge_order,std_dev_edge_order,time_to_metrics,one_norm,number_of_terms,log_fci_dim,n_elec,n_orbs,df_spectral_gap,df_entropy,df_mean,df_median,df_std_deviation,df_variance,df_min_value,df_max_value,df_skewness,df_kurtosis,df_l2_norm,df_decay_rate
21522,5538,17140.416666666668,4558.348896225718,5.770644029248467,1.0128441200847296e-08,0.010068406237805588,0.10691674982897642,24,1,11.679348134688547,4.811265472628331,0.6306369304656982,370.2981500191112,35223,9.256859605803362,10,24,11.156759425024967,2.5964601177243,0.19269943231116718,0.00023383544491650327,1.180461380100542,1.3934890699088762,1.4221862781846288e-08,16.041317462459432,11.54641417330148,147.5436248580176,17.66000075777402,0.08852237140200515
