max_vertex_degree,min_vertex_degree,mean_vertex_degree,std_dev_vertex_degree,max_weight,min_weight,mean_weight,std_dev_weight,max_edge_order,min_edge_order,mean_edge_order,std_dev_edge_order,time_to_metrics,one_norm,number_of_terms,log_fci_dim,n_elec,n_orbs,df_spectral_gap,df_entropy,df_mean,df_median,df_std_deviation,df_variance,df_min_value,df_max_value,df_skewness,df_kurtosis,df_l2_norm,df_decay_rate
38690,8298,29340.35714285714,8047.396101553975,48.06402570014292,1.0093211533408582e-08,0.005977250557586124,0.20425454798410006,28,1,13.482292316276627,5.6434386503208644,0.8366618156433105,465.6686752646157,60935,13.678566336433148,18,28,12.240058133538522,2.655332442218957,0.22994028463163246,0.0003551098084173683,1.4256088935377378,2.032360717333893,1.2482000313607077e-08,19.704536116706926,11.625936269686083,149.57229559563953,22.042217394728596,0.0843624922320012
