max_vertex_degree,min_vertex_degree,mean_vertex_degree,std_dev_vertex_degree,max_weight,min_weight,mean_weight,std_dev_weight,max_edge_order,min_edge_order,mean_edge_order,std_dev_edge_order,time_to_metrics,one_norm,number_of_terms,log_fci_dim,n_elec,n_orbs,df_spectral_gap,df_entropy,df_mean,df_median,df_std_deviation,df_variance,df_min_value,df_max_value,df_skewness,df_kurtosis,df_l2_norm,df_decay_rate
396546,48182,292349.0833333333,97396.4321360202,5.811815763848702,1.000046700321401e-08,0.0015272636569607508,0.04210640433400056,48,1,20.505652194243762,8.975140152843386,11.187065124511719,1096.5288041811318,684337,18.449121356805602,18,48,8.915455180710863,3.265843893685237,0.1521806367041841,5.636803920910214e-05,1.0410173206539008,1.0837170619014267,1.0186630557981662e-08,19.033050967905,14.050069432927137,230.3377114039172,23.595733344586392,0.03858935203219356
