max_vertex_degree,min_vertex_degree,mean_vertex_degree,std_dev_vertex_degree,max_weight,min_weight,mean_weight,std_dev_weight,max_edge_order,min_edge_order,mean_edge_order,std_dev_edge_order,time_to_metrics,one_norm,number_of_terms,log_fci_dim,n_elec,n_orbs,df_spectral_gap,df_entropy,df_mean,df_median,df_std_deviation,df_variance,df_min_value,df_max_value,df_skewness,df_kurtosis,df_l2_norm,df_decay_rate
463916,49900,340013.46153846156,112602.90734675029,47.16778754575353,1.0000794779728452e-08,0.0012893080196273961,0.06178246622187739,52,1,22.154655426046727,10.178514331162454,15.081740617752075,1102.6564395370074,798059,23.605565997974765,26,52,8.034611482386405,3.282572350383517,0.17244392039214682,8.356418006408567e-05,1.1840028718782252,1.401862800615885,1.0129704480134929e-08,21.067564408379056,13.69667361137092,215.13424522294522,27.100011980253775,0.038008184723067474
