max_vertex_degree,min_vertex_degree,mean_vertex_degree,std_dev_vertex_degree,max_weight,min_weight,mean_weight,std_dev_weight,max_edge_order,min_edge_order,mean_edge_order,std_dev_edge_order,time_to_metrics,one_norm,number_of_terms,log_fci_dim,n_elec,n_orbs,df_spectral_gap,df_entropy,df_mean,df_median,df_std_deviation,df_variance,df_min_value,df_max_value,df_skewness,df_kurtosis,df_l2_norm,df_decay_rate
32651,5029,26535.60606060606,7938.936383761858,4.398416602450679,1.0011120286674939e-08,0.008541418556543208,0.09516439539481537,33,1,14.601153852566988,6.363724039051116,1.8134524822235107,531.6256104038628,59974,13.261272247412732,14,33,8.45784464763556,2.8910287764203413,0.1727167077804113,0.0003077139428151964,1.0940704702554003,1.1969901938848728,1.0099861542152472e-08,16.455308903732213,12.02858264954457,163.8842416996,19.53308501785517,0.06189541157354297
