max_vertex_degree,min_vertex_degree,mean_vertex_degree,std_dev_vertex_degree,max_weight,min_weight,mean_weight,std_dev_weight,max_edge_order,min_edge_order,mean_edge_order,std_dev_edge_order,time_to_metrics,one_norm,number_of_terms,log_fci_dim,n_elec,n_orbs,df_spectral_gap,df_entropy,df_mean,df_median,df_std_deviation,df_variance,df_min_value,df_max_value,df_skewness,df_kurtosis,df_l2_norm,df_decay_rate
52331,8539,42527.84848484849,11599.343200113222,5.709858741588939,1.0012152021253156e-08,0.005538364674525479,0.07850492358090386,33,1,15.404412491081718,6.629298380401512,1.4610316753387451,516.7591073488654,91106,13.773155608391606,15,33,8.611132704590325,2.8985470562672053,0.18284923265280903,0.00026915934610814983,1.1530896635343297,1.329615772149714,1.001934959729169e-08,17.250301087979583,11.94072953661348,161.32180527771803,20.58903664486943,0.06253069012618447
