max_vertex_degree,min_vertex_degree,mean_vertex_degree,std_dev_vertex_degree,max_weight,min_weight,mean_weight,std_dev_weight,max_edge_order,min_edge_order,mean_edge_order,std_dev_edge_order,time_to_metrics,one_norm,number_of_terms,log_fci_dim,n_elec,n_orbs,df_spectral_gap,df_entropy,df_mean,df_median,df_std_deviation,df_variance,df_min_value,df_max_value,df_skewness,df_kurtosis,df_l2_norm,df_decay_rate
8107,1361,6058.478260869565,1748.7166193368214,55.505675605896734,1.0559723923723473e-08,0.02281511468111586,0.5105613694712445,22,1,10.87273720349563,4.716109090623154,0.3403894901275635,420.672159479282,12817,11.824646087013841,18,23,13.691492877989322,2.450468316932138,0.28531373305608193,0.0018168127352789192,1.6936625242434218,2.8684927460265994,1.0292413214983468e-08,20.952460907415883,10.663655536134513,123.29296692175488,22.91465923091298,0.1093386859288154
