max_vertex_degree,min_vertex_degree,mean_vertex_degree,std_dev_vertex_degree,max_weight,min_weight,mean_weight,std_dev_weight,max_edge_order,min_edge_order,mean_edge_order,std_dev_edge_order,time_to_metrics,one_norm,number_of_terms,log_fci_dim,n_elec,n_orbs,df_spectral_gap,df_entropy,df_mean,df_median,df_std_deviation,df_variance,df_min_value,df_max_value,df_skewness,df_kurtosis,df_l2_norm,df_decay_rate
3917,773,2900.4736842105262,824.4007308930245,9.26083741738522,1.0825605807122354e-07,0.03663343091395866,0.2356527417701711,18,1,9.130053015241883,3.8717620641790678,0.11722064018249512,222.74397379189455,6037,8.13101004619678,10,19,12.077323293877438,2.374271137319739,0.2586629869832857,0.0016248353917713964,1.4540286514260088,2.1141993191677377,1.2200359227174066e-08,16.861742364249825,10.069864398640005,109.59621741364514,18.207912860084587,0.12597230663775988
