max_vertex_degree,min_vertex_degree,mean_vertex_degree,std_dev_vertex_degree,max_weight,min_weight,mean_weight,std_dev_weight,max_edge_order,min_edge_order,mean_edge_order,std_dev_edge_order,time_to_metrics,one_norm,number_of_terms,log_fci_dim,n_elec,n_orbs,df_spectral_gap,df_entropy,df_mean,df_median,df_std_deviation,df_variance,df_min_value,df_max_value,df_skewness,df_kurtosis,df_l2_norm,df_decay_rate
65667,12367,53620.08108108108,14285.99211546596,55.18379431142484,1.0008228648775333e-08,0.004614777106705054,0.17395522686943715,37,1,16.872128721712436,7.595590006941744,2.905674695968628,682.4561777436072,117588,19.10350177326416,26,37,7.798821570708285,2.960677167096324,0.2528023467517794,0.0012348874138265156,1.5513663757206029,2.406737631716479,1.1038475362650104e-08,21.8389711960913,11.152121912276842,137.64528023860223,27.94144491617677,0.06296464129728073
