max_vertex_degree,min_vertex_degree,mean_vertex_degree,std_dev_vertex_degree,max_weight,min_weight,mean_weight,std_dev_weight,max_edge_order,min_edge_order,mean_edge_order,std_dev_edge_order,time_to_metrics,one_norm,number_of_terms,log_fci_dim,n_elec,n_orbs,df_spectral_gap,df_entropy,df_mean,df_median,df_std_deviation,df_variance,df_min_value,df_max_value,df_skewness,df_kurtosis,df_l2_norm,df_decay_rate
17596,3438,14488.92857142857,4181.102605162658,1.991281640335852,1.5671038069309517e-08,0.006539281525107796,0.061798745499042976,28,1,12.953065134099617,5.4843007267940145,0.5376007556915283,225.21316558387633,31321,7.030687786176761,6,28,3.797029358182132,2.6749095446734805,0.07250492930736938,0.00022158674981815469,0.4566359665745708,0.2085164059694925,1.0180876127649416e-08,6.507949494614716,11.717181897100877,154.0010274485048,7.440920845065482,0.06592383282453587
