max_vertex_degree,min_vertex_degree,mean_vertex_degree,std_dev_vertex_degree,max_weight,min_weight,mean_weight,std_dev_weight,max_edge_order,min_edge_order,mean_edge_order,std_dev_edge_order,time_to_metrics,one_norm,number_of_terms,log_fci_dim,n_elec,n_orbs,df_spectral_gap,df_entropy,df_mean,df_median,df_std_deviation,df_variance,df_min_value,df_max_value,df_skewness,df_kurtosis,df_l2_norm,df_decay_rate
478,184,390.7142857142857,90.93359317296849,1.396930700987741,6.682118122431122e-05,0.047185657358904856,0.1631578177298045,13,1,6.071032186459489,2.8626443112800612,0.0243990421295166,49.737408690689,902,3.1051694279993316,3,14,2.9578642376656585,2.0682245635813223,0.09961831022581136,0.0015698828153993618,0.46861906952654314,0.21960383232392305,8.215626857798495e-08,4.209124807158819,7.769358949831286,63.891297711816776,4.519730076564202,0.15896872612303656
