max_vertex_degree,min_vertex_degree,mean_vertex_degree,std_dev_vertex_degree,max_weight,min_weight,mean_weight,std_dev_weight,max_edge_order,min_edge_order,mean_edge_order,std_dev_edge_order,time_to_metrics,one_norm,number_of_terms,log_fci_dim,n_elec,n_orbs,df_spectral_gap,df_entropy,df_mean,df_median,df_std_deviation,df_variance,df_min_value,df_max_value,df_skewness,df_kurtosis,df_l2_norm,df_decay_rate
17588,3440,14481.142857142857,4181.003995234071,8.942302690424533,1.3734777192115353e-08,0.009843859153995856,0.1093804154646998,28,1,12.955204805418877,5.485465482446819,0.6278305053710938,308.49474370256263,31299,11.152083466883985,12,28,12.148369611076857,2.581002609289281,0.17799350566994798,0.0008289165034615817,1.1769475622319232,1.385205564243667,1.2260353098916665e-08,16.927807742237643,12.484681996108014,170.60884036169517,18.36352814816461,0.07539510479969871
