max_vertex_degree,min_vertex_degree,mean_vertex_degree,std_dev_vertex_degree,max_weight,min_weight,mean_weight,std_dev_weight,max_edge_order,min_edge_order,mean_edge_order,std_dev_edge_order,time_to_metrics,one_norm,number_of_terms,log_fci_dim,n_elec,n_orbs,df_spectral_gap,df_entropy,df_mean,df_median,df_std_deviation,df_variance,df_min_value,df_max_value,df_skewness,df_kurtosis,df_l2_norm,df_decay_rate
3719,1169,2932.8947368421054,683.9108817549444,3.0865440096894416,8.340959212488228e-08,0.01861711193609792,0.12232902901838423,19,1,9.23210735586481,3.892011018372903,0.09924173355102539,129.6680696897711,6037,4.465992220784307,4,19,3.6535415329144474,2.3346636057799124,0.10345751554038109,0.0005457330878881085,0.5648739383807937,0.31908256626182874,1.4848386931560836e-08,6.269569628844045,9.318277339815264,94.3718128676884,7.033342275727987,0.11210008240395307
