max_vertex_degree,min_vertex_degree,mean_vertex_degree,std_dev_vertex_degree,max_weight,min_weight,mean_weight,std_dev_weight,max_edge_order,min_edge_order,mean_edge_order,std_dev_edge_order,time_to_metrics,one_norm,number_of_terms,log_fci_dim,n_elec,n_orbs,df_spectral_gap,df_entropy,df_mean,df_median,df_std_deviation,df_variance,df_min_value,df_max_value,df_skewness,df_kurtosis,df_l2_norm,df_decay_rate
109110,12932,88326.29629629629,27455.350372201712,11.783375970188056,1.2592315800505072e-08,0.007870614758502538,0.13774991138965437,53,1,22.472449032476923,11.114749675554853,14.702715873718262,1787.6651034346244,212244,16.878987548857342,15,54,26.85306383039846,3.1289804872371407,0.16881877937517564,0.0014652626951308122,1.4996603720258288,2.2489812314246476,1.0904468485037319e-08,31.925810229329038,19.65241291407807,410.31287932229344,33.303652242586836,0.036860121449750385
