max_vertex_degree,min_vertex_degree,mean_vertex_degree,std_dev_vertex_degree,max_weight,min_weight,mean_weight,std_dev_weight,max_edge_order,min_edge_order,mean_edge_order,std_dev_edge_order,time_to_metrics,one_norm,number_of_terms,log_fci_dim,n_elec,n_orbs,df_spectral_gap,df_entropy,df_mean,df_median,df_std_deviation,df_variance,df_min_value,df_max_value,df_skewness,df_kurtosis,df_l2_norm,df_decay_rate
884820,69924,677686.4736842106,212749.95285196297,14.299130339597042,1.0083778527441846e-08,0.004171848835292749,0.08449596518327045,75,1,33.38413273752345,15.239663545745048,74.3689112663269,6657.570267642966,1542775,24.459354964600283,21,76,32.76393392122125,3.278836918543523,0.16882118477599845,0.00011452212087434909,1.794641004547234,3.220736335202305,1.0006769729665044e-08,48.0953719729078,23.688382079310955,613.9362776557872,52.02513201056794,0.022923847706828194
