max_vertex_degree,min_vertex_degree,mean_vertex_degree,std_dev_vertex_degree,max_weight,min_weight,mean_weight,std_dev_weight,max_edge_order,min_edge_order,mean_edge_order,std_dev_edge_order,time_to_metrics,one_norm,number_of_terms,log_fci_dim,n_elec,n_orbs,df_spectral_gap,df_entropy,df_mean,df_median,df_std_deviation,df_variance,df_min_value,df_max_value,df_skewness,df_kurtosis,df_l2_norm,df_decay_rate
17558,3422,14424.714285714286,4176.260467187831,4.072318196781682,1.1194947284404099e-08,0.01266765173570971,0.11556410327570758,28,1,12.948576558091819,5.484705344506187,0.6691329479217529,397.8561462672448,31193,12.146732748499884,14,28,8.205437108611248,2.744022176534093,0.1999790105499896,0.0006430591081982361,1.2175558539534763,1.482442257496379,1.0339011896601783e-08,16.652893679406716,11.091773474157714,136.921485260604,19.664643423867634,0.07760394469080727
