max_vertex_degree,min_vertex_degree,mean_vertex_degree,std_dev_vertex_degree,max_weight,min_weight,mean_weight,std_dev_weight,max_edge_order,min_edge_order,mean_edge_order,std_dev_edge_order,time_to_metrics,one_norm,number_of_terms,log_fci_dim,n_elec,n_orbs,df_spectral_gap,df_entropy,df_mean,df_median,df_std_deviation,df_variance,df_min_value,df_max_value,df_skewness,df_kurtosis,df_l2_norm,df_decay_rate
495606,57348,381432.5,121416.15018913258,5.4930999151542155,1.0000525379634438e-08,0.0012345814230683564,0.03757835358265883,48,1,21.237249247772315,9.35227140756574,13.274299144744873,1117.030330371996,862107,18.449121356805602,18,48,8.943646824136726,3.2724796475518123,0.15416066045615068,6.279116551168571e-05,1.0450139282770634,1.0920541102930592,1.0523359675240312e-08,18.991213479789685,13.949107007545715,227.194999169335,23.549147562153745,0.03903213025107791
