max_vertex_degree,min_vertex_degree,mean_vertex_degree,std_dev_vertex_degree,max_weight,min_weight,mean_weight,std_dev_weight,max_edge_order,min_edge_order,mean_edge_order,std_dev_edge_order,time_to_metrics,one_norm,number_of_terms,log_fci_dim,n_elec,n_orbs,df_spectral_gap,df_entropy,df_mean,df_median,df_std_deviation,df_variance,df_min_value,df_max_value,df_skewness,df_kurtosis,df_l2_norm,df_decay_rate
478,184,390.7142857142857,90.93359317296849,4.4688274023928205,0.0004049537876552299,0.11821391741997087,0.3622210442765662,13,1,6.071032186459489,2.8626443112800612,0.02494359016418457,107.7801051338737,902,5.2605054654643935,7,14,8.738726558680506,2.1000908578130146,0.26935486928907576,0.0075723803254188465,1.3057621096034602,1.7050146868760785,1.6971765364950722e-08,12.026470463816215,8.089297896253568,68.7788842637639,12.788124936389027,0.19117629205697137
