max_vertex_degree,min_vertex_degree,mean_vertex_degree,std_dev_vertex_degree,max_weight,min_weight,mean_weight,std_dev_weight,max_edge_order,min_edge_order,mean_edge_order,std_dev_edge_order,time_to_metrics,one_norm,number_of_terms,log_fci_dim,n_elec,n_orbs,df_spectral_gap,df_entropy,df_mean,df_median,df_std_deviation,df_variance,df_min_value,df_max_value,df_skewness,df_kurtosis,df_l2_norm,df_decay_rate
21150,5534,16937.5,4510.195902988398,4.262347137850847,1.0186500577859993e-08,0.00953310992295424,0.10018329724242593,24,1,11.55946084285958,4.754686105738331,0.449718713760376,356.8881003480573,35167,8.6547996144754,9,24,9.744137597293003,2.6085544321792673,0.1748190264162751,0.0002101072912580324,1.0561136465399017,1.1153760344078083,1.0058564491787858e-08,14.235118916897422,11.333696745804573,142.89255527454264,15.805518794278075,0.08813334082328356
