max_vertex_degree,min_vertex_degree,mean_vertex_degree,std_dev_vertex_degree,max_weight,min_weight,mean_weight,std_dev_weight,max_edge_order,min_edge_order,mean_edge_order,std_dev_edge_order,time_to_metrics,one_norm,number_of_terms,log_fci_dim,n_elec,n_orbs,df_spectral_gap,df_entropy,df_mean,df_median,df_std_deviation,df_variance,df_min_value,df_max_value,df_skewness,df_kurtosis,df_l2_norm,df_decay_rate
77423,16003,63133.206896551725,18547.742781859506,4.816990918265522,1.0034718189155668e-08,0.0039608689175003485,0.06281980184446093,29,1,13.512602127047154,5.434004205227975,1.555882453918457,570.5520051354086,135494,10.149303807990787,10,29,10.805277200905293,2.7827630400539274,0.15607626413919487,8.893475891735942e-05,1.011868825118503,1.0238785192466997,1.4840453178921074e-08,15.520028506152654,12.755467279961445,183.80863001385742,17.375057870655052,0.06606868114417089
