max_vertex_degree,min_vertex_degree,mean_vertex_degree,std_dev_vertex_degree,max_weight,min_weight,mean_weight,std_dev_weight,max_edge_order,min_edge_order,mean_edge_order,std_dev_edge_order,time_to_metrics,one_norm,number_of_terms,log_fci_dim,n_elec,n_orbs,df_spectral_gap,df_entropy,df_mean,df_median,df_std_deviation,df_variance,df_min_value,df_max_value,df_skewness,df_kurtosis,df_l2_norm,df_decay_rate
3719,1169,2932.8947368421054,683.9108817549444,3.929607665512113,5.601153261419024e-08,0.03143592413910922,0.18960777682166594,19,1,9.23210735586481,3.892011018372903,0.1898500919342041,200.5095255633226,6037,7.051828800149155,8,19,8.938480291360015,2.389732621301426,0.20788853007841804,0.0011910112338148174,1.1430224121515484,1.3065002346807442,1.4482626928974304e-08,13.06219417513962,9.77910266423157,104.02209415202691,14.276112888964395,0.12627736791728825
