max_vertex_degree,min_vertex_degree,mean_vertex_degree,std_dev_vertex_degree,max_weight,min_weight,mean_weight,std_dev_weight,max_edge_order,min_edge_order,mean_edge_order,std_dev_edge_order,time_to_metrics,one_norm,number_of_terms,log_fci_dim,n_elec,n_orbs,df_spectral_gap,df_entropy,df_mean,df_median,df_std_deviation,df_variance,df_min_value,df_max_value,df_skewness,df_kurtosis,df_l2_norm,df_decay_rate
17426,3362,14237.57142857143,4155.063257457025,6.083923341184257,1.0031260585562872e-08,0.011968136234530415,0.11942511409083176,28,1,12.93316895925253,5.491772176820431,1.3770720958709717,372.94414311761096,30825,12.56586205624186,15,28,7.83291306169502,2.757621496991452,0.22259926027019428,0.001107330572372327,1.3092081160715152,1.714025891187526,1.1033308431906976e-08,17.23183032439977,10.597146244797019,124.54138224326785,20.701426187875757,0.0803490968455074
