max_vertex_degree,min_vertex_degree,mean_vertex_degree,std_dev_vertex_degree,max_weight,min_weight,mean_weight,std_dev_weight,max_edge_order,min_edge_order,mean_edge_order,std_dev_edge_order,time_to_metrics,one_norm,number_of_terms,log_fci_dim,n_elec,n_orbs,df_spectral_gap,df_entropy,df_mean,df_median,df_std_deviation,df_variance,df_min_value,df_max_value,df_skewness,df_kurtosis,df_l2_norm,df_decay_rate
47186,7084,37981.166666666664,11705.583457621125,21.57258162053662,1.0035559624464694e-08,0.0032476824391050813,0.10820496057892345,35,1,16.140830106714514,7.020108168608732,1.6550207138061523,362.1785858166669,84713,17.557467504495015,22,36,4.807618857201092,2.751240582495861,0.13356407624513486,0.00034121464135979703,0.8761523532033065,0.7676429460236915,1.1131134605862696e-08,11.282737383803237,10.564573440631756,119.22188269369157,15.779667036739074,0.058528929830866806
