max_vertex_degree,min_vertex_degree,mean_vertex_degree,std_dev_vertex_degree,max_weight,min_weight,mean_weight,std_dev_weight,max_edge_order,min_edge_order,mean_edge_order,std_dev_edge_order,time_to_metrics,one_norm,number_of_terms,log_fci_dim,n_elec,n_orbs,df_spectral_gap,df_entropy,df_mean,df_median,df_std_deviation,df_variance,df_min_value,df_max_value,df_skewness,df_kurtosis,df_l2_norm,df_decay_rate
46962,7014,37513.055555555555,11627.896097900955,55.53944738041428,1.0022707311256195e-08,0.004836941621494908,0.21427552034906308,35,1,16.18802742616034,7.038962714049088,1.6952855587005615,589.5520239396914,83425,19.158720409232092,28,36,10.908561146963542,2.782654646295873,0.22245697351384885,0.00072491759716487,1.4405217529148078,2.0751029206207505,1.0518178232332703e-08,21.04508971889777,11.721496423246176,154.15035180239465,25.035056572280382,0.06467080350436474
