max_vertex_degree,min_vertex_degree,mean_vertex_degree,std_dev_vertex_degree,max_weight,min_weight,mean_weight,std_dev_weight,max_edge_order,min_edge_order,mean_edge_order,std_dev_edge_order,time_to_metrics,one_norm,number_of_terms,log_fci_dim,n_elec,n_orbs,df_spectral_gap,df_entropy,df_mean,df_median,df_std_deviation,df_variance,df_min_value,df_max_value,df_skewness,df_kurtosis,df_l2_norm,df_decay_rate
1480,448,1204.7777777777778,308.9279951264364,21.889847306796035,5.176021065044225e-07,0.030915251078037092,0.42750928057101767,17,1,7.894430287586458,3.7784178558988226,0.06867527961730957,126.86719386958464,2748,8.201551017570791,11,18,6.599826983902552,2.0762208072241237,0.17015406248423612,0.0009803239478705403,0.964389788819193,0.9300476647787278,2.0152601152295767e-08,10.042489693215284,9.133474775250914,88.13139568099783,10.816561769367903,0.1429561056372235
