max_vertex_degree,min_vertex_degree,mean_vertex_degree,std_dev_vertex_degree,max_weight,min_weight,mean_weight,std_dev_weight,max_edge_order,min_edge_order,mean_edge_order,std_dev_edge_order,time_to_metrics,one_norm,number_of_terms,log_fci_dim,n_elec,n_orbs,df_spectral_gap,df_entropy,df_mean,df_median,df_std_deviation,df_variance,df_min_value,df_max_value,df_skewness,df_kurtosis,df_l2_norm,df_decay_rate
3164,894,2515.181818181818,657.9736549273932,6.0128965715673806,8.371578077452386e-05,0.07573049627647714,0.354919796117465,21,1,9.380233937955586,4.548026575636364,2.7080869674682617,491.419855799436,5900,6.227826310353474,6,22,17.686288226645676,2.198888750315202,0.2531178903627832,0.0015560592557329954,1.6643517699775525,2.7700668142274116,1.584976741679314e-08,20.538941671135888,11.38927247476188,135.04728648006872,21.294639628410213,0.11118269540974778
