max_vertex_degree,min_vertex_degree,mean_vertex_degree,std_dev_vertex_degree,max_weight,min_weight,mean_weight,std_dev_weight,max_edge_order,min_edge_order,mean_edge_order,std_dev_edge_order,time_to_metrics,one_norm,number_of_terms,log_fci_dim,n_elec,n_orbs,df_spectral_gap,df_entropy,df_mean,df_median,df_std_deviation,df_variance,df_min_value,df_max_value,df_skewness,df_kurtosis,df_l2_norm,df_decay_rate
16920,3138,13739.357142857143,4083.8544486995693,6.239570765073553,1.0175708085913537e-08,0.011825727106021084,0.1252768907158118,28,1,12.913796576032226,5.489416194032002,0.5439834594726562,362.9151094944155,29791,12.912649542466516,16,28,7.096585872509399,2.770755084217277,0.2472479943995151,0.0016864912482380278,1.4051165812822657,1.974352606994362,1.1634865267372052e-08,17.694070846771744,10.085351716085151,112.00204372872992,21.77769072722919,0.0823531420610473
