max_vertex_degree,min_vertex_degree,mean_vertex_degree,std_dev_vertex_degree,max_weight,min_weight,mean_weight,std_dev_weight,max_edge_order,min_edge_order,mean_edge_order,std_dev_edge_order,time_to_metrics,one_norm,number_of_terms,log_fci_dim,n_elec,n_orbs,df_spectral_gap,df_entropy,df_mean,df_median,df_std_deviation,df_variance,df_min_value,df_max_value,df_skewness,df_kurtosis,df_l2_norm,df_decay_rate
478,184,390.7142857142857,90.93359317296849,6.935273098136942,0.00037675813426972624,0.13422271860596563,0.4278421121396106,13,1,6.071032186459489,2.8626443112800612,0.024224042892456055,124.65454663705503,902,5.862565456792356,8,14,10.18282611423544,2.1025534347020445,0.3114403359103226,0.009189647235320102,1.511541948645836,2.2847590625160508,1.3967120695490224e-08,13.939013816560013,8.113695263807697,69.13112022306245,14.802749115350657,0.1844359402667105
