max_vertex_degree,min_vertex_degree,mean_vertex_degree,std_dev_vertex_degree,max_weight,min_weight,mean_weight,std_dev_weight,max_edge_order,min_edge_order,mean_edge_order,std_dev_edge_order,time_to_metrics,one_norm,number_of_terms,log_fci_dim,n_elec,n_orbs,df_spectral_gap,df_entropy,df_mean,df_median,df_std_deviation,df_variance,df_min_value,df_max_value,df_skewness,df_kurtosis,df_l2_norm,df_decay_rate
3719,1169,2932.8947368421054,683.9108817549444,6.360028877685924,1.4467720064631235e-07,0.03403752396234345,0.2095434165949075,19,1,9.23210735586481,3.892011018372903,0.11056041717529297,210.69320911230167,6037,7.653888791477118,9,19,10.473958103065186,2.382308970086749,0.23354976834495353,0.0013824200378895865,1.296715650168997,1.6814714773932045,1.4073654020115236e-08,14.912582897993298,9.917927149024425,106.64204877508112,16.190693707335864,0.12584831757424897
