max_vertex_degree,min_vertex_degree,mean_vertex_degree,std_dev_vertex_degree,max_weight,min_weight,mean_weight,std_dev_weight,max_edge_order,min_edge_order,mean_edge_order,std_dev_edge_order,time_to_metrics,one_norm,number_of_terms,log_fci_dim,n_elec,n_orbs,df_spectral_gap,df_entropy,df_mean,df_median,df_std_deviation,df_variance,df_min_value,df_max_value,df_skewness,df_kurtosis,df_l2_norm,df_decay_rate
43828,6310,34866.72222222222,10875.620259734642,42.18060677281528,1.001482061575149e-08,0.005945855143475476,0.2207471521587851,35,1,16.083672894082675,7.042745317186172,1.6598479747772217,672.5559194050202,78043,19.49138325276514,30,36,8.971076533326144,2.878323569570581,0.2634822744626,0.0014814180595553582,1.5732524737343947,2.475123346111392,1.0841183112402251e-08,19.732844416041022,10.191797403284806,111.70315784152139,26.976660819109355,0.06684364414427252
