max_vertex_degree,min_vertex_degree,mean_vertex_degree,std_dev_vertex_degree,max_weight,min_weight,mean_weight,std_dev_weight,max_edge_order,min_edge_order,mean_edge_order,std_dev_edge_order,time_to_metrics,one_norm,number_of_terms,log_fci_dim,n_elec,n_orbs,df_spectral_gap,df_entropy,df_mean,df_median,df_std_deviation,df_variance,df_min_value,df_max_value,df_skewness,df_kurtosis,df_l2_norm,df_decay_rate
1480,448,1204.7777777777778,308.9279951264364,42.40244619146856,1.181573069686327e-05,0.06754224043819687,0.8343151532512006,17,1,7.894430287586458,3.7784178558988226,0.06667494773864746,281.83617599810816,2748,8.955486514254309,15,18,11.700305878824144,2.199493235216278,0.3131814690139987,0.004598616797537383,1.6833013766432094,2.8335035246089237,1.2675013294228961e-08,17.437421363930746,9.069817074411612,87.1731657173281,18.756074718797713,0.14944876803517218
