max_vertex_degree,min_vertex_degree,mean_vertex_degree,std_dev_vertex_degree,max_weight,min_weight,mean_weight,std_dev_weight,max_edge_order,min_edge_order,mean_edge_order,std_dev_edge_order,time_to_metrics,one_norm,number_of_terms,log_fci_dim,n_elec,n_orbs,df_spectral_gap,df_entropy,df_mean,df_median,df_std_deviation,df_variance,df_min_value,df_max_value,df_skewness,df_kurtosis,df_l2_norm,df_decay_rate
37712,7212,28717.64285714286,8274.82253678628,41.61189394715419,1.0021741262160294e-08,0.005571496205128187,0.1781475116415855,28,1,13.26800211207181,5.542869555174318,0.8007686138153076,420.31227110202013,60605,13.331778850208492,17,28,10.989711483190966,2.663447159085712,0.21270591384927512,0.00029142683146937193,1.3099735623466724,1.7160307340472314,1.0575757251440336e-08,18.047230617116313,11.492212020276687,146.7072646707125,20.34452056109744,0.08439738244978795
