max_vertex_degree,min_vertex_degree,mean_vertex_degree,std_dev_vertex_degree,max_weight,min_weight,mean_weight,std_dev_weight,max_edge_order,min_edge_order,mean_edge_order,std_dev_edge_order,time_to_metrics,one_norm,number_of_terms,log_fci_dim,n_elec,n_orbs,df_spectral_gap,df_entropy,df_mean,df_median,df_std_deviation,df_variance,df_min_value,df_max_value,df_skewness,df_kurtosis,df_l2_norm,df_decay_rate
117099,17793,91283.12121212122,29464.98862878448,41.21231529631812,1.0002823208912815e-08,0.0022713974051393085,0.0986316896502553,33,1,14.948925358172588,6.099141844207082,2.5265052318573,532.021240203152,201510,15.172433967835905,18,33,10.750424983710113,2.8376321296234854,0.19119531487769872,0.00010401751435921996,1.2195454241772143,1.4872910416315819,1.0209473486634696e-08,18.4155206643545,12.342594113543987,171.9459877416855,21.166268610183817,0.06750240633181563
