max_vertex_degree,min_vertex_degree,mean_vertex_degree,std_dev_vertex_degree,max_weight,min_weight,mean_weight,std_dev_weight,max_edge_order,min_edge_order,mean_edge_order,std_dev_edge_order,time_to_metrics,one_norm,number_of_terms,log_fci_dim,n_elec,n_orbs,df_spectral_gap,df_entropy,df_mean,df_median,df_std_deviation,df_variance,df_min_value,df_max_value,df_skewness,df_kurtosis,df_l2_norm,df_decay_rate
40240,5618,31780.88888888889,9953.145303475618,48.75421369279028,1.0084228856230014e-08,0.006890161476655793,0.2666362983081771,35,1,15.919187421733685,7.007665047973685,1.582353115081787,742.0072367265396,71871,19.680063639128843,32,36,10.134057033123014,2.889371104801744,0.2930965650274984,0.0018978457892920508,1.7276103846580535,2.9846376411783475,1.2157488800571391e-08,21.35959003724575,10.086600121483754,109.2048409103199,29.373842951990525,0.06872480405936483
