max_vertex_degree,min_vertex_degree,mean_vertex_degree,std_dev_vertex_degree,max_weight,min_weight,mean_weight,std_dev_weight,max_edge_order,min_edge_order,mean_edge_order,std_dev_edge_order,time_to_metrics,one_norm,number_of_terms,log_fci_dim,n_elec,n_orbs,df_spectral_gap,df_entropy,df_mean,df_median,df_std_deviation,df_variance,df_min_value,df_max_value,df_skewness,df_kurtosis,df_l2_norm,df_decay_rate
1480,448,1204.7777777777778,308.9279951264364,48.90243873825043,1.4915165773021177e-05,0.07614052195202543,0.9652319361254167,17,1,7.894430287586458,3.7784178558988226,0.06614565849304199,323.23449956072614,2748,9.189569720287677,16,18,12.873236200778727,2.2080840811223243,0.3428107938707968,0.005080028963355248,1.8396209788153588,3.384205345697579,1.6974497212748144e-08,19.078380092595395,9.089945472896087,87.53622721279024,20.498949981182662,0.1488730947835166
