max_vertex_degree,min_vertex_degree,mean_vertex_degree,std_dev_vertex_degree,max_weight,min_weight,mean_weight,std_dev_weight,max_edge_order,min_edge_order,mean_edge_order,std_dev_edge_order,time_to_metrics,one_norm,number_of_terms,log_fci_dim,n_elec,n_orbs,df_spectral_gap,df_entropy,df_mean,df_median,df_std_deviation,df_variance,df_min_value,df_max_value,df_skewness,df_kurtosis,df_l2_norm,df_decay_rate
207000,23908,152862.69565217392,50112.09754178932,47.729236795628466,1.0016452787478164e-08,0.0021335924463083177,0.09078578979724136,46,1,20.051739920211478,9.084774751564073,6.679275751113892,893.8818610909716,350678,23.992580048182308,32,46,8.452720997080256,3.20146153187962,0.2432450793682924,0.0010593694743440813,1.4938135086717392,2.2314787986901723,1.0639626014913164e-08,22.19927888040069,11.125692256694778,139.24843175211637,30.533478604674464,0.04859661891698144
