max_vertex_degree,min_vertex_degree,mean_vertex_degree,std_dev_vertex_degree,max_weight,min_weight,mean_weight,std_dev_weight,max_edge_order,min_edge_order,mean_edge_order,std_dev_edge_order,time_to_metrics,one_norm,number_of_terms,log_fci_dim,n_elec,n_orbs,df_spectral_gap,df_entropy,df_mean,df_median,df_std_deviation,df_variance,df_min_value,df_max_value,df_skewness,df_kurtosis,df_l2_norm,df_decay_rate
109040,12910,88278.51851851853,27442.58257522067,9.947953554690836,1.0273816574821887e-08,0.006328923896190073,0.11946757734523034,53,1,22.471727909114477,11.11418104639423,11.43730902671814,1468.8819117829955,212136,13.912108644534644,11,54,20.86920189743936,3.1242545069917926,0.13305102847624126,0.0010082672492670313,1.1707247040533797,1.3705963326808732,1.2075354670905382e-08,24.651738595384693,19.445765008091318,401.53956851093284,25.70661939301048,0.036091958159712896
