max_vertex_degree,min_vertex_degree,mean_vertex_degree,std_dev_vertex_degree,max_weight,min_weight,mean_weight,std_dev_weight,max_edge_order,min_edge_order,mean_edge_order,std_dev_edge_order,time_to_metrics,one_norm,number_of_terms,log_fci_dim,n_elec,n_orbs,df_spectral_gap,df_entropy,df_mean,df_median,df_std_deviation,df_variance,df_min_value,df_max_value,df_skewness,df_kurtosis,df_l2_norm,df_decay_rate
42746,6138,33882.444444444445,10596.262885366825,36.25323747050744,1.0020357737000427e-08,0.005201792337396192,0.19168208654993732,35,1,16.017964543663822,7.027214170313856,1.6938755512237549,567.7609075930601,76151,19.10945203065926,28,36,8.102703525138242,2.8627816214111537,0.23416197109234174,0.001348475481257931,1.4038501669938654,1.9707952913687041,1.4300486670803529e-08,17.42573653078992,10.131283033890835,110.10040267393603,24.069261649276296,0.06680267754211906
