max_vertex_degree,min_vertex_degree,mean_vertex_degree,std_dev_vertex_degree,max_weight,min_weight,mean_weight,std_dev_weight,max_edge_order,min_edge_order,mean_edge_order,std_dev_edge_order,time_to_metrics,one_norm,number_of_terms,log_fci_dim,n_elec,n_orbs,df_spectral_gap,df_entropy,df_mean,df_median,df_std_deviation,df_variance,df_min_value,df_max_value,df_skewness,df_kurtosis,df_l2_norm,df_decay_rate
930032,51790,698850.0303030303,254140.61889517648,34.59946741201319,1.0000311705172212e-08,0.0006873568902540146,0.04306984514643398,66,1,27.753653474825065,13.03925158747146,42.48869442939758,1262.0698758600126,1661912,30.801401612455578,34,66,6.130110837248894,3.5256397667040504,0.1631021175410251,6.896080145092156e-05,1.0928546059995607,1.194331189854455,1.0173362126093903e-08,19.52333108643318,13.221967989392946,202.11824898149965,27.975317111252313,0.030815583993170293
