max_vertex_degree,min_vertex_degree,mean_vertex_degree,std_dev_vertex_degree,max_weight,min_weight,mean_weight,std_dev_weight,max_edge_order,min_edge_order,mean_edge_order,std_dev_edge_order,time_to_metrics,one_norm,number_of_terms,log_fci_dim,n_elec,n_orbs,df_spectral_gap,df_entropy,df_mean,df_median,df_std_deviation,df_variance,df_min_value,df_max_value,df_skewness,df_kurtosis,df_l2_norm,df_decay_rate
1480,448,1204.7777777777778,308.9279951264364,36.50259153599243,7.585044143834078e-06,0.05797220831132523,0.7164118529451241,17,1,7.894430287586458,3.7784178558988226,0.06640863418579102,239.4752188611511,2748,8.909729023693634,14,18,10.389894244216084,2.1827843412442505,0.2784745840240085,0.0040038280714237645,1.505421597020557,2.2662941847759237,1.7146959160281144e-08,15.579334945510277,9.056920116917773,86.89825978424753,16.770839974395802,0.14814692112623123
