max_vertex_degree,min_vertex_degree,mean_vertex_degree,std_dev_vertex_degree,max_weight,min_weight,mean_weight,std_dev_weight,max_edge_order,min_edge_order,mean_edge_order,std_dev_edge_order,time_to_metrics,one_norm,number_of_terms,log_fci_dim,n_elec,n_orbs,df_spectral_gap,df_entropy,df_mean,df_median,df_std_deviation,df_variance,df_min_value,df_max_value,df_skewness,df_kurtosis,df_l2_norm,df_decay_rate
37500,7178,28593.14285714286,8243.855814719078,35.76342722700587,1.002535685760483e-08,0.005123281627275059,0.1546296231875451,28,1,13.270479031990718,5.54440854874634,0.9266486167907715,374.780431857305,60331,12.984991363983836,16,28,9.52852358985324,2.6688477878463055,0.19682261315750144,0.0002748611580050377,1.192470733717483,1.421986450772712,1.0320330782088187e-08,16.174207065658734,11.182535057234489,139.44656561490862,18.448551783127215,0.08331074301419228
