max_vertex_degree,min_vertex_degree,mean_vertex_degree,std_dev_vertex_degree,max_weight,min_weight,mean_weight,std_dev_weight,max_edge_order,min_edge_order,mean_edge_order,std_dev_edge_order,time_to_metrics,one_norm,number_of_terms,log_fci_dim,n_elec,n_orbs,df_spectral_gap,df_entropy,df_mean,df_median,df_std_deviation,df_variance,df_min_value,df_max_value,df_skewness,df_kurtosis,df_l2_norm,df_decay_rate
113251,17541,88432.09090909091,28714.163178688348,35.36567085146207,1.000984213533617e-08,0.002181293631532844,0.08705332621593764,33,1,14.894776062268726,6.07815236868231,2.5270681381225586,484.6161017419258,195926,14.728736468603193,17,33,9.352282226646922,2.8466728590633052,0.1758982299548085,0.00010240961523754921,1.1093247056051725,1.2306013024660027,1.113102515951655e-08,16.584454260412034,12.035565865871447,164.46294114463075,19.356596355270455,0.06618658738993852
