max_vertex_degree,min_vertex_degree,mean_vertex_degree,std_dev_vertex_degree,max_weight,min_weight,mean_weight,std_dev_weight,max_edge_order,min_edge_order,mean_edge_order,std_dev_edge_order,time_to_metrics,one_norm,number_of_terms,log_fci_dim,n_elec,n_orbs,df_spectral_gap,df_entropy,df_mean,df_median,df_std_deviation,df_variance,df_min_value,df_max_value,df_skewness,df_kurtosis,df_l2_norm,df_decay_rate
209676,29512,165270.05263157896,51899.094527111665,34.98563330530755,1.0024083041559904e-08,0.001563546679049978,0.06507476324561036,38,1,17.123114968195413,7.308009481447897,4.956540822982788,621.2676998873953,366772,16.424437233437114,18,38,9.257493912336475,2.9994104183566543,0.16439138864306269,7.58075876460833e-05,1.0587399756438274,1.120930336026292,1.0611374008328503e-08,16.998546202327113,12.671168310650845,184.96874544276747,20.215635825477218,0.055121749649090286
