max_vertex_degree,min_vertex_degree,mean_vertex_degree,std_dev_vertex_degree,max_weight,min_weight,mean_weight,std_dev_weight,max_edge_order,min_edge_order,mean_edge_order,std_dev_edge_order,time_to_metrics,one_norm,number_of_terms,log_fci_dim,n_elec,n_orbs,df_spectral_gap,df_entropy,df_mean,df_median,df_std_deviation,df_variance,df_min_value,df_max_value,df_skewness,df_kurtosis,df_l2_norm,df_decay_rate
37234,7198,28438.85714285714,8181.2734850226525,35.742464970813266,1.000797108038262e-08,0.0052122180262453265,0.1548876401853461,28,1,13.262624916722185,5.539319404545565,0.8295290470123291,378.73683839241517,60041,12.912649542466516,16,28,9.554379205556842,2.6671265734519713,0.19238405978031928,0.00023611895368378708,1.1814414918674676,1.3958039987060273,1.0029786532240282e-08,16.217472789697027,11.317401643118622,142.88792024418993,18.50521370895502,0.08239814250338594
