max_vertex_degree,min_vertex_degree,mean_vertex_degree,std_dev_vertex_degree,max_weight,min_weight,mean_weight,std_dev_weight,max_edge_order,min_edge_order,mean_edge_order,std_dev_edge_order,time_to_metrics,one_norm,number_of_terms,log_fci_dim,n_elec,n_orbs,df_spectral_gap,df_entropy,df_mean,df_median,df_std_deviation,df_variance,df_min_value,df_max_value,df_skewness,df_kurtosis,df_l2_norm,df_decay_rate
29620,4934,23757.0625,7213.9323011859315,35.94624349774877,1.0057456845068263e-08,0.007565321495149475,0.17421543173790727,31,1,14.543656259565351,6.243056100364025,1.0491535663604736,487.49646411196187,52273,16.221344234866493,22,32,7.390839870485125,2.8142129393373314,0.22981956438738013,0.0010532204630866963,1.3810195433724848,1.9072149791767463,1.0884663322327294e-08,17.824374662374737,10.378717369539409,117.05411835456823,23.089580054382342,0.07228456425513893
