max_vertex_degree,min_vertex_degree,mean_vertex_degree,std_dev_vertex_degree,max_weight,min_weight,mean_weight,std_dev_weight,max_edge_order,min_edge_order,mean_edge_order,std_dev_edge_order,time_to_metrics,one_norm,number_of_terms,log_fci_dim,n_elec,n_orbs,df_spectral_gap,df_entropy,df_mean,df_median,df_std_deviation,df_variance,df_min_value,df_max_value,df_skewness,df_kurtosis,df_l2_norm,df_decay_rate
109064,12924,88297.48148148147,27446.777713280833,10.431710603591108,1.0020082987635876e-08,0.006652180614623603,0.12448090064801885,53,1,22.47274132657149,11.114977845699524,14.53811264038086,1537.4887205977984,212172,14.748251841895975,12,54,22.393749029528152,3.132020047672473,0.1399201330525458,0.0011540026675400902,1.2407750541946787,1.5395227351118077,1.073708969387392e-08,26.374837487096734,19.637385451346308,409.47106885618706,27.49843056778779,0.03672811309217366
