max_vertex_degree,min_vertex_degree,mean_vertex_degree,std_dev_vertex_degree,max_weight,min_weight,mean_weight,std_dev_weight,max_edge_order,min_edge_order,mean_edge_order,std_dev_edge_order,time_to_metrics,one_norm,number_of_terms,log_fci_dim,n_elec,n_orbs,df_spectral_gap,df_entropy,df_mean,df_median,df_std_deviation,df_variance,df_min_value,df_max_value,df_skewness,df_kurtosis,df_l2_norm,df_decay_rate
884628,69920,677594.6842105263,212707.7776668096,12.984693668335206,1.0020082987656205e-08,0.003924780080478366,0.08074253182674958,75,1,33.38601652665386,15.240382363347994,74.6081166267395,6289.02476278385,1542479,22.25523498194436,18,76,31.566288944413287,3.2464618881243594,0.1535610435052137,0.00012125272292647737,1.6510448254967747,2.7259490157996753,1.0009025251873755e-08,44.29188909896523,23.91716905171551,623.4929401921218,47.511726322174326,0.02272443420210922
