max_vertex_degree,min_vertex_degree,mean_vertex_degree,std_dev_vertex_degree,max_weight,min_weight,mean_weight,std_dev_weight,max_edge_order,min_edge_order,mean_edge_order,std_dev_edge_order,time_to_metrics,one_norm,number_of_terms,log_fci_dim,n_elec,n_orbs,df_spectral_gap,df_entropy,df_mean,df_median,df_std_deviation,df_variance,df_min_value,df_max_value,df_skewness,df_kurtosis,df_l2_norm,df_decay_rate
109062,12916,88289.22222222222,27449.466740868113,11.11631747701769,1.025656675606915e-08,0.007649317586844117,0.14044438687875563,53,1,22.473181331812377,11.116228001918223,11.720011711120605,1753.824411677223,212148,14.51725971283975,12,54,26.81226664958398,3.058278076441079,0.15885900910751147,0.0006444070844659135,1.4638217145509567,2.1427740119909022,1.0066485394899217e-08,31.384153754300904,19.937058352124478,419.8591796873662,32.59332748301569,0.036984581815520196
